Collection ID,Collection Name,Collection URL,Artist Name,Artist URL,Date Added,Date Removed
Q29sbGVjdGlvblR5cGU6MTAzMjk1NA==,The Walking Dead LAND Sale in The Sandbox,https://opensea.io/collection/thewalkingdead-land-sale,TheSandboxGame,https://opensea.io/TheSandboxGame,2021-09-18 09:21:42.768790,
Q29sbGVjdGlvblR5cGU6OTE5MjUy,The Fuckin' Trolls,https://opensea.io/collection/fuckintrolls,,https://opensea.io/__OS__VengefulAffableBooby,2021-09-18 09:21:42.768790,
Q29sbGVjdGlvblR5cGU6ODg1OTcz,Where My Vans Go,https://opensea.io/collection/where-my-vans-go,Driftershoots,https://opensea.io/Driftershoots,2021-09-18 09:21:42.768790,
Q29sbGVjdGlvblR5cGU6NjE1MzM3,PROOF OF {ART}WORK,https://opensea.io/collection/proof-of-artwork,divergence,https://opensea.io/divergence,2021-09-18 09:21:42.768790,
Q29sbGVjdGlvblR5cGU6OTAzODEx,Soleus NFT Access Token,https://opensea.io/collection/soleus-nft-token,SoleusNFT,https://opensea.io/SoleusNFT,2021-09-18 09:21:42.768790,
Q29sbGVjdGlvblR5cGU6MTA5MjY4NA==,Wrapped PixelMap,https://opensea.io/collection/wrapped-pixelmap,kenerwin88,https://opensea.io/kenerwin88,2021-09-18 09:21:42.768790,
Q29sbGVjdGlvblR5cGU6OTM2MTIx,DeadFellaz,https://opensea.io/collection/deadfellaz,Deadfellaz,https://opensea.io/Deadfellaz,2021-09-18 09:21:42.768790,
Q29sbGVjdGlvblR5cGU6MTE3Mjg2,RTFKT Creators,https://opensea.io/collection/rtfkt-creators,RTFKT,https://opensea.io/RTFKT,2021-09-18 09:21:42.768790,
Q29sbGVjdGlvblR5cGU6MTUxODQ4Mg==,Omnimorphs,https://opensea.io/collection/omnimorphs,omnimorphs_deployer,https://opensea.io/omnimorphs_deployer,2021-09-18 09:21:42.768790,
Q29sbGVjdGlvblR5cGU6MTYyNDMxNw==,The Moon Boyz,https://opensea.io/collection/the-moon-boyz,,https://opensea.io/__OS__SmokyFlatGoat,2021-09-18 09:21:42.768790,
Q29sbGVjdGlvblR5cGU6MTEzOTg=,Emblem Vault [Ethereum],https://opensea.io/collection/emblem-vault,Emblem-Deployer,https://opensea.io/Emblem-Deployer,2021-09-18 09:21:42.768790,
Q29sbGVjdGlvblR5cGU6NzgzOTg4,The Doge Pound,https://opensea.io/collection/the-doge-pound,,https://opensea.io/__OS__SilkyMilitaryAkita,2021-09-18 09:21:42.768790,2021-09-18 09:24:26.645801
Q29sbGVjdGlvblR5cGU6NzA5NDM0,Satoshibles,https://opensea.io/collection/satoshibles,Satoshibles,https://opensea.io/Satoshibles,2021-09-18 09:24:26.645801,
