Intel Core i7-10700K Processor,39800,INTEL,BX8070110700K,In Stock,https://mdcomputers.in/intel-comet-lake-core-i7-10700k-bx8070110700k.html,https://mdcomputers.in/processor
Intel Core i5-9400,17879,INTEL,BX80684I59400,In Stock,https://mdcomputers.in/intel-core-i5-9400-bx80684i59400.html,https://mdcomputers.in/processor
Intel Core i5-10400 Processor,18999,INTEL,I5 10400,In Stock,https://mdcomputers.in/ intel-10th-gen-comet-lake-core-i5-10400-processor.html,https://mdcomputers.in/processor
Amd Ryzen Threadripper 3990X,333999,AMD,RYZEN THREADRIPPER 3990X,In Stock,https://mdcomputers.in/amd-64-core-ryzen-threadripper-3990x.html,https://mdcomputers.in/processor
Amd Ryzen 9 3900X,44800,AMD,RYZEN 9 3900X,In Stock,https://mdcomputers.in/amd-dodeca-core-ryzen-9-3900x.html,https://mdcomputers.in/processor
Amd Ryzen 5 3600X,20999,AMD,RYZEN 5 3600X,In Stock,https://mdcomputers.in/amd-hexa-core-ryzen-5-3600x.html,https://mdcomputers.in/processor
Intel Core i5-9400F,13896,INTEL,BX80684i59400F,In Stock,https://mdcomputers.in/intel-core-i5-9400f.html,https://mdcomputers.in/processor
Amd Ryzen 9 3950X,68701,AMD,RYZEN 9 3950X,In Stock,https://mdcomputers.in/amd-hexakaideca-core-ryzen-9-3950x.html,https://mdcomputers.in/processor
AMD Ryzen 3 3100,8688,AMD,RYZEN 3 3100,In Stock,https://mdcomputers.in/amd-ryzen-3-3100.html,https://mdcomputers.in/processor
Amd Ryzen 7 2700,18999,AMD,RYZEN 7 2700,In Stock,https://mdcomputers.in/amd-octa-core-ryzen-7-2700.html,https://mdcomputers.in/processor
Intel Core i5-10600 Processor,21870,INTEL,I5 10600,In Stock,https://mdcomputers.in/intel-core-i5-10600.html,https://mdcomputers.in/processor
Amd Ryzen 5 2600,13231,AMD,RYZEN 5 2600,In Stock,https://mdcomputers.in/amd-hexa-core-ryzen-5-2600.html,https://mdcomputers.in/processor
Amd Ryzen 3 3200G APU,7959,AMD,YD3200C5FHBOX,In Stock,https://mdcomputers.in/amd-quad-core-ryzen-3-3200g-yd3200c5fhbox.html,https://mdcomputers.in/processor
Amd Ryzen 5 2600X,14473,AMD,RYZEN 5 2600X,In Stock,https://mdcomputers.in/amd-hexa-core-ryzen-5-2600x.html,https://mdcomputers.in/processor
Intel Core i3-10100 Processor,11999,INTEL,I3 10100,In Stock,https://mdcomputers.in/intel-10th-gen-comet-lake-core-i3-10100-processor.html,https://mdcomputers.in/processor
Amd Ryzen 5 2400G APU,11000,AMD,RYZEN 5 2400G,In Stock,https://mdcomputers.in/amd-quad-core-ryzen-5-2400g.html,https://mdcomputers.in/processor
Intel Core i3-9100,11093,INTEL,BX80684I39100,In Stock,https://mdcomputers.in/intel-core-i3-9100-bx80684i39100.html,https://mdcomputers.in/processor
Amd Ryzen Threadripper 3970X,171499,AMD,RYZEN THREADRIPPER 3970X,In Stock,https://mdcomputers.in/amd-32-core-ryzen-threadripper-3970x.html,https://mdcomputers.in/processor
Intel Core i5-8400,17449,INTEL,BX80684i58400,In Stock,https://mdcomputers.in/intel-core-i5-8400-bx80684i58400.html,https://mdcomputers.in/processor
Intel Core i5-9600K,21973,INTEL,BX80684i59600K,In Stock,https://mdcomputers.in/intel-core-i5-9600k-bx80684i59600k.html,https://mdcomputers.in/processor
Intel Pentium Gold G5400,4848,INTEL,BX80684G5400,In Stock,https://mdcomputers.in/intel-pentium-dual-core-g5400-bx80684g5400.html,https://mdcomputers.in/processor
Amd Ryzen 5 3400G APU,13401,AMD,YD3400C5FHBOX,In Stock,https://mdcomputers.in/amd-quad-core-ryzen-5-3400g-yd3400c5fhbox.html,https://mdcomputers.in/processor
Amd Ryzen 7 2700X,19999,AMD,RYZEN 7 2700X,In Stock,https://mdcomputers.in/amd-octa-core-ryzen-7-2700x.html,https://mdcomputers.in/processor
Intel Core i5-10500 Processor,20499,INTEL,I5 10500,In Stock,https://mdcomputers.in/intel-10th-gen-comet-lake-processor-core-i5-10500.html,https://mdcomputers.in/processor
Amd Ryzen Threadripper 3960X,121499,AMD,RYZEN THREADRIPPER 3960X,In Stock,https://mdcomputers.in/amd-24-core-ryzen-threadripper-3960x.html,https://mdcomputers.in/processor
Intel Pentium Gold G5420,4965,INTEL,BX80684G5420,In Stock,https://mdcomputers.in/intel-pentium-dual-core-g5420.html,https://mdcomputers.in/processor
Intel Core I7-9700K,34999,INTEL,BX80684I79700K,In Stock,https://mdcomputers.in/intel-core-i7-9700k-bx80684i79700k.html,https://mdcomputers.in/processor
Intel Core i9-9900K,49999,INTEL,BX80684I99900K,In Stock,https://mdcomputers.in/intel-core-i9-9900k-bx80684i99900k.html,https://mdcomputers.in/processor
Intel Core i7-10700 Processor,35099,INTEL,I7 10700,In Stock,https://mdcomputers.in/intel-10th-gen-comet-lake-processor-core-i7-10700.html,https://mdcomputers.in/processor
Amd Ryzen 5 3500,11050,AMD,RYZEN 5 3500,In Stock,https://mdcomputers.in/amd-hexa-core-ryzen-5-3500.html,https://mdcomputers.in/processor
Amd Ryzen 7 3700X,29492,AMD,RYZEN 7 3700X,In Stock,https://mdcomputers.in/amd-octa-core-ryzen-7-3700x.html,https://mdcomputers.in/processor
Amd ATHLON 200GE APU,3899,AMD,ATHLON 200GE,In Stock,https://mdcomputers.in/amd-dual-core-athlon-200ge.html,https://mdcomputers.in/processor
Amd Ryzen 5 3600,17471,AMD,RYZEN 5 3600,In Stock,https://mdcomputers.in/amd-hexa-core-ryzen-5-3600.html,https://mdcomputers.in/processor
Intel Core i5-9600KF,17449,INTEL,BX80684I59600KF,In Stock,https://mdcomputers.in/intel-core-i5-9600kf-bx80684i59600kf.html,https://mdcomputers.in/processor
Intel Core i3-8100,11848,INTEL,BX80684i38100,In Stock,https://mdcomputers.in/intel-core-i3-8100-bx80684i38100.html,https://mdcomputers.in/processor
Amd Ryzen 7 3800X,32379,AMD,RYZEN 7 3800X,In Stock,https://mdcomputers.in/amd-octa-core-ryzen-7-3800x.html,https://mdcomputers.in/processor
Asus EX-B365M-V,6686,ASUS,EX B365M V,In Stock,https://mdcomputers.in/asus-ex-b365m-v.html,https://mdcomputers.in/motherboards
Gigabyte X570 Aorus Pro,24800,GIGABYTE,X570 AORUS PRO,In Stock,https://mdcomputers.in/gigabyte-x570-aorus-pro.html,https://mdcomputers.in/motherboards
Asus ROG STRIX Z390-F GAMING,20922,ASUS,ROG STRIX Z390 F GAMING,In Stock,https://mdcomputers.in/asus-rog-strix-z390-f-gaming.html,https://mdcomputers.in/motherboards
Asus Prime H310M-CS R2.0,4975,ASUS,PRIME H310M CS R2.0,In Stock,https://mdcomputers.in/asus-prime-h310m-cs-r2-0.html,https://mdcomputers.in/motherboards
Msi MEG Z390 ACE (Wi-Fi),30195,MSI,MEG Z390 ACE,In Stock,https://mdcomputers.in/msi-meg-z390-ace.html,https://mdcomputers.in/motherboards
Gigabyte B550 Gaming X Motherboard,11700,GIGABYTE,B550 GAMING X,In Stock,https://mdcomputers.in/gigabyte-atx-motherboard-b550-gaming-x.html,https://mdcomputers.in/motherboards
Msi MAG B365M Mortar,9500,MSI,MAG B365M MORTAR,In Stock,https://mdcomputers.in/msi-mag-b365m-mortar.html,https://mdcomputers.in/motherboards
Msi MAG B460M Mortar Motherboard,12755,MSI,MAG B460M MORTAR,In Stock,https://mdcomputers.in/msi-mag-b460m-mortar.html,https://mdcomputers.in/motherboards
Asus PRIME Z390M-PLUS,14756,ASUS,PRIME Z390M PLUS,In Stock,https://mdcomputers.in/asus-prime-z390m-plus.html,https://mdcomputers.in/motherboards
Msi MPG Z390 Gaming Edge AC (Wi-Fi),19338,MSI,MPG Z390 GAMING EDGE AC,In Stock,https://mdcomputers.in/msi-mpg-z390-gaming-edge-ac.html,https://mdcomputers.in/motherboards
Gigabyte GA-78LMT-USB3 R2 (rev. 1.0),6499,GIGABYTE,GA 78LMT USB3 R2 (rev. 1.0),In Stock,https://mdcomputers.in/gigabyte-ga-78lmt-usb3-r2-rev-1-0.html,https://mdcomputers.in/motherboards
Asus Prime B365M-C/CSM,7917,ASUS,PRIME B365M C CSM,In Stock,https://mdcomputers.in/asus-prime-b365m-c-csm.html,https://mdcomputers.in/motherboards
Msi MPG X570 Gaming Edge (Wi-Fi),21035,MSI,MPG X570 GAMING EDGE WIFI,In Stock,https://mdcomputers.in/msi-mpg-x570-gaming-edge-wifi.html,https://mdcomputers.in/motherboards
Asus H81M-CS,4409,ASUS,H81M CS,In Stock,https://mdcomputers.in/asus-h81m-cs.html,https://mdcomputers.in/motherboards
Asus PRIME A320M-K,4539,ASUS,PRIME A320M K,In Stock,https://mdcomputers.in/asus-prime-a320m-k.html,https://mdcomputers.in/motherboards
GIGABYTE H310M S2H 2.0,5200,GIGABYTE,H310M S2H 2.0,In Stock,https://mdcomputers.in/gigabyte-h310m-s2h-2.0.html,https://mdcomputers.in/motherboards
Gigabyte B450M Gaming,7356,GIGABYTE,B450M GAMING,In Stock,https://mdcomputers.in/gigabyte-b450m-gaming.html,https://mdcomputers.in/motherboards
Msi A320M-A Pro Max,4200,MSI,A320M A PRO MAX,In Stock,https://mdcomputers.in/msi-a320m-a-pro-max.html,https://mdcomputers.in/motherboards
MSI MPG Z490 Gaming Plus,18900,MSI,MPG Z490 GAMING PLUS,In Stock,https://mdcomputers.in/msi-mpg-z490-gaming-plus.html,https://mdcomputers.in/motherboards
Msi H310M Pro-VH Plus,4633,MSI,H310M PRO VH PLUS,In Stock,https://mdcomputers.in/msi-h310m-pro-vh-plus.html,https://mdcomputers.in/motherboards
Gigabyte Z490M,14462,GIGABYTE,Z490M,In Stock,https://mdcomputers.in/gigabyte-z490m.html,https://mdcomputers.in/motherboards
MSI MPG Z490 Gaming Edge WIFI,22900,MSI,MPG Z490 GAMING EDGE WIFI,In Stock,https://mdcomputers.in/msi-mpg-z490-gaming-edge-wifi.html,https://mdcomputers.in/motherboards
Msi MPG Z390 GAMING PLUS,15266,MSI,MPG Z390 GAMING PLUS,In Stock,https://mdcomputers.in/msi-mpg-z390-gaming-plus.html,https://mdcomputers.in/motherboards
Gigabyte B450 AORUS ELITE,10436,GIGABYTE,B450 AORUS ELITE,In Stock,https://mdcomputers.in/gigabyte-b450-aorus-elite.html,https://mdcomputers.in/motherboards
Asus Prime TRX40-Pro,42760,ASUS,PRIME TRX40 PRO,In Stock,https://mdcomputers.in/asus-prime-trx40-pro.html,https://mdcomputers.in/motherboards
Gigabyte B450 Gaming X,9295,GIGABYTE,B450 GAMING X,In Stock,https://mdcomputers.in/gigabyte-b450-gaming-x.html,https://mdcomputers.in/motherboards
Msi MAG Z490 Tomahawk Motherboard,21400,MSI,MAG Z490 TOMAHAWK,In Stock,https://mdcomputers.in/msi-mag-z490-tomahawk.html,https://mdcomputers.in/motherboards
Msi MAG B550 Tomahawk,18799,MSI,MAG B550 TOMAHAWK,In Stock,https://mdcomputers.in/msi-atx-motherboard-mag-b550-tomahawk.html,https://mdcomputers.in/motherboards
Msi B450 Gaming Pro Carbon Max Wi-Fi Motherboard,15999,MSI,B450 GAMING PRO CARBON MAX WIFI,In Stock,https://mdcomputers.in/msi-b450-gaming-pro-carbon-max-wifi.html,https://mdcomputers.in/motherboards
Msi X570-A Pro,16100,MSI,X570 A PRO,In Stock,https://mdcomputers.in/msi-x570-a-pro.html,https://mdcomputers.in/motherboards
Asus ROG Strix B365-F Gaming,13732,ASUS,ROG STRIX B365 F GAMING,In Stock,https://mdcomputers.in/asus-rog-strix-b365-f-gaming.html,https://mdcomputers.in/motherboards
Msi TRX40 Pro 10G,50099,MSI,TRX40 PRO 10G,In Stock,https://mdcomputers.in/msi-trx40-pro-10g.html,https://mdcomputers.in/motherboards
Asus H110M-CS,4711,ASUS,H110M CS,In Stock,https://mdcomputers.in/asus-h110m-cs.html,https://mdcomputers.in/motherboards
Msi MEG X299 Creation (Wi-Fi),48500,MSI,MEG X299 CREATION,In Stock,https://mdcomputers.in/msi-meg-x299-creation.html,https://mdcomputers.in/motherboards
Gigabyte Z490 GAMING X,18613,GIGABYTE,Z490 GAMING X,In Stock,https://mdcomputers.in/gigabyte-z490-gaming-x.html,https://mdcomputers.in/motherboards
Asus EX-B365M-V5,6989,ASUS,EX B365M V5,In Stock,https://mdcomputers.in/asus-ex-b365m-v5.html,https://mdcomputers.in/motherboards
MSI MPG Z490 Gaming Carbon WIFI,27500,MSI,MPG Z490 GAMING CARBON WIFI,In Stock,https://mdcomputers.in/msi-mpg-z490-gaming-carbon-wifi.html,https://mdcomputers.in/motherboards
Msi MEG X570 ACE (Wi-Fi),36599,MSI,MEG X570 ACE,In Stock,https://mdcomputers.in/msi-meg-x570-ace.html,https://mdcomputers.in/motherboards
Asus Prime H310M-C R2.0/CSM,6107,ASUS,PRIME H310M C R2.0 CSM,In Stock,https://mdcomputers.in/asus-prime-h310m-c-r2-0-csm.html,https://mdcomputers.in/motherboards
Asus EX-A320M-GAMING,5410,ASUS,EX A320M GAMING,In Stock,https://mdcomputers.in/asus-ex-a320m-gaming.html,https://mdcomputers.in/motherboards
Gigabyte X570 Gaming X,17825,GIGABYTE,X570 GAMING X,In Stock,https://mdcomputers.in/gigabyte-x570-gaming-x.html,https://mdcomputers.in/motherboards
Msi MAG Z390 Tomahawk,16049,MSI,MAG Z390 TOMAHAWK,In Stock,https://mdcomputers.in/msi-mag-z390-tomahawk.html,https://mdcomputers.in/motherboards
Asus EX-B460M-V5 Motherboard,9400,ASUS,EX B460M V5,In Stock,https://mdcomputers.in/asus-m-atx-motherboard-ex-b460m-v5.html,https://mdcomputers.in/motherboards
Asus PRIME Z390-P,15600,ASUS,PRIME Z390 P,In Stock,https://mdcomputers.in/asus-prime-z390-p.html,https://mdcomputers.in/motherboards
Msi B460M PRO-VDH WIFI Motherboard,10999,MSI,B460M PRO VDH WIFI,In Stock,https://mdcomputers.in/msi-m-atx-motherboard-b460m-pro-vdh-wifi.html,https://mdcomputers.in/motherboards
Gigabyte B550 Aorus Master (Wi-Fi) Motherboard,25890,GIGABYTE,B550 AORUS MASTER,In Stock,https://mdcomputers.in/gigabyte-motherboard-b550-aorus-master.html,https://mdcomputers.in/motherboards
Asus ROG Strix TRX40-E Gaming,47391,ASUS,ROG STRIX TRX40 E GAMING,In Stock,https://mdcomputers.in/asus-rog-strix-trx40-e-gaming.html,https://mdcomputers.in/motherboards
Gigabyte GA-A320M-S2H (rev. 1.x),4300,GIGABYTE,GA A320M S2H (rev. 1.x),In Stock,https://mdcomputers.in/gigabyte-ga-a320m-s2h-rev-1-x.html,https://mdcomputers.in/motherboards
Asus Prime B365M-A,8142,ASUS,PRIME B365M A,In Stock,https://mdcomputers.in/asus-prime-b365m-a.html,https://mdcomputers.in/motherboards
Asus Prime B550M-K Motherboard,11500,ASUS,90MB14V0 M0IAY0,In Stock,https://mdcomputers.in/asus-motherboard-prime-b550m-k-90mb14v0-m0iay0.html,https://mdcomputers.in/motherboards
Msi MPG Z390 GAMING PRO CARBON AC,22833,MSI,MPG Z390 GAMING PRO CARBON AC,In Stock,https://mdcomputers.in/msi-mpg-z390-gaming-pro-carbon-ac.html,https://mdcomputers.in/motherboards
Asus PRIME H310M-E,4950,ASUS,PRIME H310M E,In Stock,https://mdcomputers.in/asus-prime-h310m-e.html,https://mdcomputers.in/motherboards
Msi TRX40 PRO WIFI,47497,MSI,TRX40 PRO WIFI,In Stock,https://mdcomputers.in/msi-trx40-pro-wifi.html,https://mdcomputers.in/motherboards
Asus ROG Crosshair VIII Formula,48858,ASUS,ROG CROSSHAIR VIII FORMULA,In Stock,https://mdcomputers.in/asus-rog-crosshair-viii-formula.html,https://mdcomputers.in/motherboards
Asus ROG STRIX Z390-E GAMING (Wi-Fi),23478,ASUS,ROG STRIX Z390 E GAMING,In Stock,https://mdcomputers.in/asus-rog-strix-z390-e-gaming.html,https://mdcomputers.in/motherboards
Gigabyte B450M DS3H WiFi,8540,GIGABYTE,B450M DS3H WIFI,In Stock,https://mdcomputers.in/gigabyte-b450m-ds3h-wifi.html,https://mdcomputers.in/motherboards
Gigabyte GA-H61M-S (rev. 1.0),5610,GIGABYTE,GA H61M S (REV.1.0),In Stock,https://mdcomputers.in/gigabyte-ga-h61m-s-rev-1-0.html,https://mdcomputers.in/motherboards
Asus Prime B550M-A Motherboard,12200,ASUS,90MB14I0 M0IAY0,In Stock,https://mdcomputers.in/asus-motherboard-prime-b550m-a-90mb14i0-m0iay0.html,https://mdcomputers.in/motherboards
Msi B460M-A Pro Motherboard,8999,MSI,B460M A PRO,In Stock,https://mdcomputers.in/msi-b460m-a-pro.html,https://mdcomputers.in/motherboards
Gigabyte B450M Aorus Elite,9200,GIGABYTE,B450M AORUS ELITE,In Stock,https://mdcomputers.in/gigabyte-b450m-aorus-elite.html,https://mdcomputers.in/motherboards
Asus TUF Z390-PLUS GAMING,17248,ASUS,TUF Z390 PLUS GAMING,In Stock,https://mdcomputers.in/asus-tuf-z390-plus-gaming.html,https://mdcomputers.in/motherboards
Msi MPG B550I Gaming Edge WIFI Motherboard,20499,MSI,MPG B550I GAMING EDGE WIFI,In Stock,https://mdcomputers.in/msi-mini-itx-motherboard-mpg-b550i-gaming-edge-wifi.html,https://mdcomputers.in/motherboards
MSI Z490-A PRO,16900,MSI,Z490 A PRO,In Stock,https://mdcomputers.in/msi-z490-a-pro.html,https://mdcomputers.in/motherboards
Gigabyte TRX40 AORUS PRO WIFI,41298,GIGABYTE,TRX40 AORUS PRO WIFI,In Stock,https://mdcomputers.in/gigabyte-trx40-aorus-pro-wifi.html,https://mdcomputers.in/motherboards
MSI MEG Z490 ACE (Wi-Fi),43999,MSI,MEG Z490 ACE,In Stock,https://mdcomputers.in/msi-meg-z490-ace-atx-gaming-motherboard.html,https://mdcomputers.in/motherboards
Asus PRIME X299-A,30500,ASUS,PRIME X299 A,In Stock,https://mdcomputers.in/asus-prime-x299-a.html,https://mdcomputers.in/motherboards
Msi B365M PRO-VDH,7295,MSI,B365M PRO VDH,In Stock,https://mdcomputers.in/msi-b365m-pro-vdh.html,https://mdcomputers.in/motherboards
Msi MAG Z390M Mortar,13700,MSI,MAG Z390M MORTAR,In Stock,https://mdcomputers.in/msi-mag-z390m-mortar.html,https://mdcomputers.in/motherboards
Msi B450M Mortar Titanium,12600,MSI,B450M MORTAR TITANIUM,In Stock,https://mdcomputers.in/msi-b450m-mortar-titanium.html,https://mdcomputers.in/motherboards
Gigabyte B550 Aorus Pro Motherboard,16200,GIGABYTE,B550 AORUS PRO,In Stock,https://mdcomputers.in/gigabyte-atx-motherboard-b550-aorus-pro.html,https://mdcomputers.in/motherboards
Msi MPG X570 Gaming Plus,17449,MSI,MPG X570 GAMING PLUS,In Stock,https://mdcomputers.in/msi-mpg-x570-gaming-plus.html,https://mdcomputers.in/motherboards
Asus Prime A320M-K/CSM,4725,ASUS,PRIME A320M K CSM,In Stock,https://mdcomputers.in/asus-prime-a320m-k-csm.html,https://mdcomputers.in/motherboards
Asus Prime Z390-A,19453,ASUS,PRIME Z390 A,In Stock,https://mdcomputers.in/asus-prime-z390-a.html,https://mdcomputers.in/motherboards
Asus Rog Strix B365-G Gaming,10179,ASUS,ROG STRIX B365 G GAMING,In Stock,https://mdcomputers.in/asus-rog-strix-b365-g-gaming.html,https://mdcomputers.in/motherboards
MSI MEG Z490 UNIFY (Wi-Fi),30599,MSI,MEG Z490 UNIFY,In Stock,https://mdcomputers.in/msi-meg-z490-unify-atx-gaming-motherboard.html,https://mdcomputers.in/motherboards
Gigabyte X399 Designare EX (Wi-Fi),34692,GIGABYTE,X399 DESIGNARE EX,In Stock,https://mdcomputers.in/gigabyte-x399-designare-ex.html,https://mdcomputers.in/motherboards
Gigabyte B365M Gaming HD,6500,GIGABYTE,B365M GAMING HD (rev.1.0),In Stock,https://mdcomputers.in/gigabyte-b365m-gaming-hd.html,https://mdcomputers.in/motherboards
Gigabyte B450 AORUS PRO WIFI,12600,GIGABYTE,B450 AORUS PRO WIFI,In Stock,https://mdcomputers.in/gigabyte-b450-aorus-pro-wifi.html,https://mdcomputers.in/motherboards
Gigabyte B450 I AORUS PRO WIFI,12465,GIGABYTE,B450 I AORUS PRO WIFI,In Stock,https://mdcomputers.in/gigabyte-b450-i-aorus-pro-wifi.html,https://mdcomputers.in/motherboards
Gigabyte X570 Aorus Ultra (Wi-Fi),30101,GIGABYTE,X570 AORUS ULTRA,In Stock,https://mdcomputers.in/gigabyte-x570-aorus-ultra.html,https://mdcomputers.in/motherboards
Msi B365M PRO-VH,6730,MSI,B365M PRO VH,In Stock,https://mdcomputers.in/msi-b365m-pro-vh.html,https://mdcomputers.in/motherboards
Gigabyte Z490 AORUS ELITE AC (Wi-Fi),23039,GIGABYTE,Z490 AORUS ELITE AC,In Stock,https://mdcomputers.in/gigabyte-z490-aorus-elite-ac.html,https://mdcomputers.in/motherboards
Asus Tuf B365M-Plus Gaming,8304,ASUS,TUF B365M PLUS GAMING,In Stock,https://mdcomputers.in/asus-tuf-b365m-plus-gaming.html,https://mdcomputers.in/motherboards
Gigabyte B450M DS3H,7800,GIGABYTE,B450M DS3H,In Stock,https://mdcomputers.in/gigabyte-b450m-ds3h.html,https://mdcomputers.in/motherboards
Gigabyte GA-A320M-H,4113,GIGABYTE,GA A320M H,In Stock,https://mdcomputers.in/gigabyte-ga-a320m-h.html,https://mdcomputers.in/motherboards
Gigabyte B450 AORUS M,9420,GIGABYTE,B450 AORUS M,In Stock,https://mdcomputers.in/gigabyte-b450-aorus-m.html,https://mdcomputers.in/motherboards
Gigabyte B450 AORUS PRO,12065,GIGABYTE,B450 AORUS PRO,In Stock,https://mdcomputers.in/gigabyte-b450-aorus-pro.html,https://mdcomputers.in/motherboards
Msi MPG B550 Gaming Edge WIFI Motherboard,19499,MSI,MPG B550 GAMING EDGE WIFI,In Stock,https://mdcomputers.in/msi-atx-motherboard-mpg-b550-gaming-edge-wifi.html,https://mdcomputers.in/motherboards
